Title,Artist,ConstituentID,ArtistBio,Nationality,BeginDate,EndDate,Gender,Date,Medium,Dimensions,CreditLine,AccessionNumber,Classification,Department,DateAcquired,Cataloged,ObjectID,URL,ImageURL,OnView,Circumference (cm),Depth (cm),Diameter (cm),Height (cm),Length (cm),Weight (kg),Width (cm),Seat Height (cm),Duration (sec.)
Mend Piece for John from S.M.S. No. 5,Yoko Ono,4410,"(Born Japan, 1933)",(American),(1933),(0),(female),1968,Multiple of slipcase,"overall: 6 3/16 × 6 1/8 × 3/8"" (15.7 × 15.5 × 1 cm)",Gift of Carol O. Selle,460.1977.5m,Multiple,Drawings & Prints,1977-11-10,Y,69531,https://www.moma.org/collection/works/69531,,,,1.0,,15.7,,,15.5,,
Instructions for Paintings,Yoko Ono,4410,"(Born Japan, 1933)",(American),(1933),(0),(female),"May 24, 1962",Artist's book (CONFIRM),"7 7/8 x 7 7/8 x 3/16"" (20 x 20 x 0.4 cm)",The Gilbert and Lila Silverman Fluxus Collection Gift,2601.2008,Illustrated Book,Drawings & Prints,2008-10-08,N,127467,,,,,0.4,,20.0,,,20.0,,
Pieces for Orchestra to La Monte Young,Yoko Ono,4410,"(Born Japan, 1933)",(American),(1933),(0),(female),1962/1965,Ballpoint pen on cardstock and transfer type and pencil on five boards,"sheet (a): 3 1/16 x 4 15/16"" (7.7 x 12.6 cm); sheet (b): 3 3/16 x 3 9/16"" (8.1 x 9.1 cm); sheet (c): 3 1/8 x 3 1/4"" (7.9 x 8.3 cm); sheet (d): 3 5/16 x 3 3/4"" (8.4 x 9.6 cm); sheet (e): 3 1/4 x 3 5/8"" (8.3 x 9.2 cm); sheet (f): 3 1/8 x 5 1/4"" (8 x 13.3 cm)",The Gilbert and Lila Silverman Fluxus Collection Gift,2860.2008.a-f,Print,Drawings & Prints,2008-10-08,Y,127472,https://www.moma.org/collection/works/127472,https://www.moma.org/media/W1siZiIsIjI3MzI4NiJdLFsicCIsImNvbnZlcnQiLCItcmVzaXplIDEwMjR4MTAyNFx1MDAzZSJdXQ.jpg?sha=2e87c1314b79971e,,,,,7.7,,,12.6,,
Piece for Nam June Paik no. 1,Yoko Ono,4410,"(Born Japan, 1933)",(American),(1933),(0),(female),1964,Ink on paper,"sheet: 11 x 8 9/16"" (28 x 21.7 cm)",The Gilbert and Lila Silverman Fluxus Collection Gift,2612.2008,Drawing,Drawings & Prints,2008-10-08,Y,127491,https://www.moma.org/collection/works/127491,https://www.moma.org/media/W1siZiIsIjI0NjU1NyJdLFsicCIsImNvbnZlcnQiLCItcmVzaXplIDEwMjR4MTAyNFx1MDAzZSJdXQ.jpg?sha=4f0d6eb2dd58cc29,,,,,28.0,,,21.7,,
Grapefruit,Yoko Ono,4410,"(Born Japan, 1933)",(American),(1933),(0),(female),1964,"Artist's book, offset printed","page (each): 5 7/16 x 5 7/16"" (13.8 x 13.8 cm); overall (closed): 5 7/16 x 5 7/16 x 1 1/4"" (13.8 x 13.8 x 3.2 cm)",The Gilbert and Lila Silverman Fluxus Collection Gift,2602.2008,Illustrated Book,Drawings & Prints,2008-10-08,Y,127492,https://www.moma.org/collection/works/127492,https://www.moma.org/media/W1siZiIsIjM0NjM0MiJdLFsicCIsImNvbnZlcnQiLCItcmVzaXplIDEwMjR4MTAyNFx1MDAzZSJdXQ.jpg?sha=71a39de6f4052f62,,,,,13.8,,,13.8,,
Typescript for Do It Yourself Fluxfest Presents Yoko Ono & Dance Co.,Yoko Ono,4410,"(Born Japan, 1933)",(American),(1933),(0),(female),c. 1965,"Thirteen typed sheets (twelve originals and one inkjet reproduction), ballpoint pen additions by George Maciunas and Yoko Ono, some with cut-and-pasted paper
","sheet (.1): 8 11/16 x 5 9/16"" (22.1 x 14.2 cm); sheet (.2): 8 1/2 x 5 7/16"" (21.6 x 13.8 cm); sheet (.3): 8 7/16 x 5 7/16"" (21.4 x 13.8 cm); sheet (.4): 8 1/2 x 5 11/16"" (21.6 x 14.4 cm); sheet (.5): 8 7/16 x 5 1/2"" (21.5 x 13.9 cm); sheet (.6): 8 7/16 x 5 11/16"" (21.4 x 14.5 cm); sheet (.7): 8 7/16 x 5 7/16"" (21.4 x 13.8 cm); sheet (.8): 8 7/16 x 5 3/8"" (21.5 x 13.7 cm); sheet (.9): 8 7/16 x 5 7/16"" (21.5 x 13.8 cm); sheet (.10): 8 7/16 x 5 7/16"" (21.5 x 13.8 cm); sheet (.11): 8 7/16 x 5 7/16"" (21.5 x 13.8 cm); sheet (.12): 8 7/16 x 5 7/16"" (21.5 x 13.8 cm); sheet (.13): 8 7/16 x 5 7/16"" (21.4 x 13.8 cm)",The Gilbert and Lila Silverman Fluxus Collection Gift,2605.2008.1-13,Drawing,Drawings & Prints,2008-10-08,Y,127493,https://www.moma.org/collection/works/127493,https://www.moma.org/media/W1siZiIsIjI4ODA0MiJdLFsicCIsImNvbnZlcnQiLCItcmVzaXplIDEwMjR4MTAyNFx1MDAzZSJdXQ.jpg?sha=8adcc9d570a04001,,,,,22.1,,,14.2,,
"Catalogue for Yoko Ono's exhibition This is Not Here at the Everson Museum, Syracuse, New York",Yoko Ono,4410,"(Born Japan, 1933)",(American),(1933),(0),(female),1971,"Vinyl-covered wood folding box with six compartments containing offset artist's book; glass key in foam; offset on folded sheets; offset on five sheets of cardstock, two with collage; offset on two rolled sheets; eight plastic boxes; and shoeprints on folded sheet.
",15.5 x 15.1 x 15.1 cm,The Gilbert and Lila Silverman Fluxus Collection Gift,2514.2008,Illustrated Book,Drawings & Prints,2008-10-08,N,127930,,,,,0.0,,0.0,,,0.0,,
Grapefruit,Yoko Ono,4410,"(Born Japan, 1933)",(American),(1933),(0),(female),1964,"Artist's book, offset printed","page (each): 5 7/16 x 5 7/16"" (13.8 x 13.8 cm); overall (closed): 5 7/16 x 5 7/16 x 1 1/4"" (13.8 x 13.8 x 3.2 cm)",The Gilbert and Lila Silverman Fluxus Collection Gift,2603.2008,Illustrated Book,Drawings & Prints,2008-10-08,Y,128103,https://www.moma.org/collection/works/128103,https://www.moma.org/media/W1siZiIsIjM0NjM0MSJdLFsicCIsImNvbnZlcnQiLCItcmVzaXplIDEwMjR4MTAyNFx1MDAzZSJdXQ.jpg?sha=cde8e9aadbc3c46e,,,,,13.8,,,13.8112776226,,
Part Painting/Series 5/to Tony Cox,Yoko Ono,4410,"(Born Japan, 1933)",(American),(1933),(0),(female),1965,Offset lithograph with collage addition,"sheet: 12 5/8 x 2 1/8"" (32 x 5.4 cm)",The Gilbert and Lila Silverman Fluxus Collection Gift,2604.2008,Print,Drawings & Prints,2008-10-08,Y,128104,https://www.moma.org/collection/works/128104,https://www.moma.org/media/W1siZiIsIjMwNTAwMyJdLFsicCIsImNvbnZlcnQiLCItcmVzaXplIDEwMjR4MTAyNFx1MDAzZSJdXQ.jpg?sha=204326c9c12abaed,,,,,32.0,,,5.4,,
Do It Yourself Fluxfest Presents Yoko Ono & Dance Co.,Yoko Ono,4410,"(Born Japan, 1933)",(American),(1933),(0),(female),1966,Plastic box containing 20 offset cards,"box (irreg.): 4 5/16 x 4 1/16 x 1/2"" (11 x 10.3 x 1.3 cm); sheet (each card): 4 x 4"" (10.1 x 10.1 cm)",The Gilbert and Lila Silverman Fluxus Collection Gift,2607.2008,Multiple,Drawings & Prints,2008-10-08,Y,128105,https://www.moma.org/collection/works/128105,https://www.moma.org/media/W1siZiIsIjI2NjY0OSJdLFsicCIsImNvbnZlcnQiLCItcmVzaXplIDEwMjR4MTAyNFx1MDAzZSJdXQ.jpg?sha=fe888a01dec804e0,,,1.3,,11.0,,,10.3,,
Film No. 4,Yoko Ono,4410,"(Born Japan, 1933)",(American),(1933),(0),(female),1970,"Plastic box with offset labels, containing film, viewer, and printed instructions","overall: 3 15/16 x 4 3/4 x 1 15/16"" (10 x 12 x 5 cm)",The Gilbert and Lila Silverman Fluxus Collection Gift,2609.2008.a-c,Multiple,Drawings & Prints,2008-10-08,Y,128106,https://www.moma.org/collection/works/128106,https://www.moma.org/media/W1siZiIsIjI5MjEyNSJdLFsicCIsImNvbnZlcnQiLCItcmVzaXplIDEwMjR4MTAyNFx1MDAzZSJdXQ.jpg?sha=d5e9b3ba864c15da,,,5.0,,10.0,,,12.0,,
A Box of Smile,Yoko Ono,4410,"(Born Japan, 1933)",(American),(1933),(0),(female),1971,"Engraved plastic box, containing mirror","overall (box, irreg.): 2 1/4 x 2 x 2 1/16"" (5.7 x 5.1 x 5.2 cm)",The Gilbert and Lila Silverman Fluxus Collection Gift,2610.2008,Multiple,Drawings & Prints,2008-10-08,Y,128107,https://www.moma.org/collection/works/128107,https://www.moma.org/media/W1siZiIsIjI2Nzk5MiJdLFsicCIsImNvbnZlcnQiLCItcmVzaXplIDEwMjR4MTAyNFx1MDAzZSJdXQ.jpg?sha=c759fa19b17db902,,,5.2,,5.7,,,5.1,,
"Brochure for This Is Not Here, Everson Museum of Art, Syracuse, October 9–27, 1971",Yoko Ono,4410,"(Born Japan, 1933)",(American),(1933),(0),(female),1971,Double-sided offset lithograph,"page (each): 21 7/8 x 16 15/16"" (55.5 x 43 cm)",The Gilbert and Lila Silverman Fluxus Collection Gift,2611.2008.x1-x26,Periodical,Drawings & Prints,2008-10-08,Y,128189,https://www.moma.org/collection/works/128189,https://www.moma.org/media/W1siZiIsIjI4OTM0MyJdLFsicCIsImNvbnZlcnQiLCItcmVzaXplIDEwMjR4MTAyNFx1MDAzZSJdXQ.jpg?sha=7182ede3068f9c5b,,,,,55.5,,,43.0,,
Self Portrait,Yoko Ono,4410,"(Born Japan, 1933)",(American),(1933),(0),(female),1965,"Envelope with stamped ink and pencil, containing metal mirror","envelope: 2 7/16 x 4 1/4"" (6.2 x 10.8 cm); mirror: 1 15/16 x 1 15/16"" (4.9 x 5 cm)",The Gilbert and Lila Silverman Fluxus Collection Gift,3186.2008.a-b,Multiple,Drawings & Prints,2008-10-08,Y,130566,https://www.moma.org/collection/works/130566,https://www.moma.org/media/W1siZiIsIjI5MTA5NiJdLFsicCIsImNvbnZlcnQiLCItcmVzaXplIDEwMjR4MTAyNFx1MDAzZSJdXQ.jpg?sha=9286b6acc49e1b7e,,,0.0,,6.2,,,10.8,,
Painting to Be Stepped On,Yoko Ono,4410,"(Born Japan, 1933)",(American),(1933),(0),(female),1960,Acrylic and graphite on canvas with metal placard,"overall: 20 3/16 x 15 13/16 x 1 3/4"" (51.2 x 40.2 x 4.5 cm)",The Gilbert and Lila Silverman Fluxus Collection Gift,4427.2008,Painting,Drawings & Prints,2008-10-08,Y,131347,https://www.moma.org/collection/works/131347,,,,4.5,,51.2,,,40.2,,
"Announcement for Morning Piece (1964) to George Maciunas, roof of Yoko Ono's apartment buildling, New York",Yoko Ono,4410,"(Born Japan, 1933)",(American),(1933),(0),(female),1965,Offset lithograph,"sheet: 8 9/16 x 11"" (21.8 x 27.9 cm); envelope: 4 1/8 x 9 7/16"" (10.5 x 24 cm)",The Gilbert and Lila Silverman Fluxus Collection Gift,3185.2008,Print,Drawings & Prints,2008-10-08,Y,131388,https://www.moma.org/collection/works/131388,https://www.moma.org/media/W1siZiIsIjI5MTA5MiJdLFsicCIsImNvbnZlcnQiLCItcmVzaXplIDEwMjR4MTAyNFx1MDAzZSJdXQ.jpg?sha=93de07a07ed8bc9e,,,,,21.8,,,27.9,,
Ono's Sales List,Yoko Ono,4410,"(Born Japan, 1933)",(American),(1933),(0),(female),1965,Offset lithograph with ink additions,"sheet: 14 x 8 9/16"" (35.6 x 21.7 cm)",The Gilbert and Lila Silverman Fluxus Collection Gift,3044.2008,Print,Drawings & Prints,2008-10-08,Y,131389,https://www.moma.org/collection/works/131389,https://www.moma.org/media/W1siZiIsIjI0OTAzNSJdLFsicCIsImNvbnZlcnQiLCItcmVzaXplIDEwMjR4MTAyNFx1MDAzZSJdXQ.jpg?sha=84bbd57cffab3ecd,,,,,35.6,,,21.7,,
"Catalogue for Yoko Ono's exhibition This is Not Here at the Everson Museum, Syracuse, New York",Yoko Ono,4410,"(Born Japan, 1933)",(American),(1933),(0),(female),1971,"Folding wood box containing book, glass key, printed texts and scores, two scrolls, 8 empty plastic boxes, ink on paper footprint and printed score","6 1/8 x 6 7/8 x 5 7/8"" (15.5 x 17.5 x 15 cm)",The Gilbert and Lila Silverman Fluxus Collection Gift,FC1219,Illustrated Book,Fluxus Collection,2008-10-08,N,131491,,,,,15.0,,15.5,,,17.5,,
Do It Yourself Fluxfest Presents Yoko Ono & Dance Co.,Yoko Ono,4410,"(Born Japan, 1933)",(American),(1933),(0),(female),1966,Plastic box containing 20 offset cards,"overall (box): 4 9/16 x 4 9/16 x 1/2"" (11.6 x 11.6 x 1.3 cm); card (each): 4 x 4"" (10.2 x 10.2 cm)",The Gilbert and Lila Silverman Fluxus Collection Gift,3234.2008.a-u,Multiple,Drawings & Prints,2008-10-08,Y,131492,https://www.moma.org/collection/works/131492,https://www.moma.org/media/W1siZiIsIjMxMjAyMCJdLFsicCIsImNvbnZlcnQiLCItcmVzaXplIDEwMjR4MTAyNFx1MDAzZSJdXQ.jpg?sha=7663c82e39113209,,,1.3,,11.6,,,11.6,,
A Box of Smile,Yoko Ono,4410,"(Born Japan, 1933)",(American),(1933),(0),(female),1967/1971,"Engraved wood box with lid, containing mirror","overall (box): 4 13/16 x 4 13/16 x 2 1/2"" (12.2 x 12.2 x 6.4 cm)",The Gilbert and Lila Silverman Fluxus Collection Gift,3187.2008,Multiple,Drawings & Prints,2008-10-08,Y,131493,https://www.moma.org/collection/works/131493,https://www.moma.org/media/W1siZiIsIjI3NTQ4NSJdLFsicCIsImNvbnZlcnQiLCItcmVzaXplIDEwMjR4MTAyNFx1MDAzZSJdXQ.jpg?sha=3d308e3707a16b78,,,6.4,,12.2,,,12.2,,
A Box of Smile,Yoko Ono,4410,"(Born Japan, 1933)",(American),(1933),(0),(female),1984,"Engraved plastic box, containing mirror","overall (closed): 2 3/8 x 2 1/8 x 2 1/8"" (6 x 5.4 x 5.4 cm)",The Gilbert and Lila Silverman Fluxus Collection Gift,3377.2008,Multiple,Drawings & Prints,2008-10-08,Y,131494,https://www.moma.org/collection/works/131494,https://www.moma.org/media/W1siZiIsIjI3OTExNyJdLFsicCIsImNvbnZlcnQiLCItcmVzaXplIDEwMjR4MTAyNFx1MDAzZSJdXQ.jpg?sha=449fb9ece733d570,,,5.4,,6.0,,,5.4,,
A Box of Smile,Yoko Ono,4410,"(Born Japan, 1933)",(American),(1933),(0),(female),1971,Engraved plastic box,"overall (box): 2 3/8 x 2 1/8 x 2 1/8"" (6 x 5.4 x 5.4 cm)",The Gilbert and Lila Silverman Fluxus Collection Gift,FC1223,Multiple,Fluxus Collection,2008-10-08,N,131495,,,,,5.4,,6.0,,,5.4,,
Gift from Yoko,Yoko Ono,4410,"(Born Japan, 1933)",(American),(1933),(0),(female),,,"1 3/4 x 13/16"" (4.5 x 2 cm)",The Gilbert and Lila Silverman Fluxus Collection Gift,FC1229,(not assigned),Fluxus Collection,2008-10-08,N,131501,,,,,,,4.5,,,2.0,,
Do It Yourself Fluxfest Presents Yoko Ono & Dance Co.,Yoko Ono,4410,"(Born Japan, 1933)",(American),(1933),(0),(female),1966,Envelope containing twenty offset cards,"sheet (each): 4 x 4"" (10.2 x 10.2 cm)",The Gilbert and Lila Silverman Fluxus Collection Gift,3233.2008.a-u,Print,Drawings & Prints,2008-10-08,Y,131502,https://www.moma.org/collection/works/131502,https://www.moma.org/media/W1siZiIsIjMxMjAxOSJdLFsicCIsImNvbnZlcnQiLCItcmVzaXplIDEwMjR4MTAyNFx1MDAzZSJdXQ.jpg?sha=db7cdbdd7d97c8c8,,,,,10.2,,,10.2,,
Birth Announcement and announcement for Grapefruit,Yoko Ono,4410,"(Born Japan, 1933)",(American),(1933),(0),(female),1963,"Envelope with ink and stamped ink additions, containing four offset sheets","sheet ('grapefruit'): 14 3/16 x 9 15/16"" (36 x 25.3 cm); sheet ('No. 86'): 9 1/16 x 2 1/4"" (23 x 5.7 cm); sheet ('No. 81'): 9 1/16 x 2 3/8"" (23 x 6 cm); sheet ('The price of the book...'): 2 13/16 x 9 1/16"" (7.1 x 23 cm); overall (envelope): 3 1/4 x 8"" (8.3 x 20.3 cm)",The Gilbert and Lila Silverman Fluxus Collection Gift,3045.2008.a-e,Print,Drawings & Prints,2008-10-08,Y,131503,https://www.moma.org/collection/works/131503,https://www.moma.org/media/W1siZiIsIjI1NTU2OCJdLFsicCIsImNvbnZlcnQiLCItcmVzaXplIDEwMjR4MTAyNFx1MDAzZSJdXQ.jpg?sha=54693bde3de1b986,,,,,8.3,,,20.3,,
Untitled,Yoko Ono,4410,"(Born Japan, 1933)",(American),(1933),(0),(female),1966,,,The Gilbert and Lila Silverman Fluxus Collection Gift,FC1232,(not assigned),Fluxus Collection,2008-10-08,N,131504,,,,,0.0,,0.0,,,0.0,,
"Ono Box, UltraBox",Yoko Ono,4410,"(Born Japan, 1933)",(American),(1933),(0),(female),,Deluxe edition of Yoko Ono's 6-CD compilation in special box with a signed glass key,"7 11/16 x 10 1/16 x 7 15/16"" (19.5 x 25.5 x 20.2 cm)",The Gilbert and Lila Silverman Fluxus Collection Gift,FC1234,Multiple,Fluxus Collection,2008-10-08,N,131506,,,,,20.2,,19.5,,,25.5,,
Mannequin finger,Yoko Ono,4410,"(Born Japan, 1933)",(American),(1933),(0),(female),,,"2 3/4 x 9/16 x 9/16"" (7 x 1.5 x 1.5 cm)",The Gilbert and Lila Silverman Fluxus Collection Gift,FC1289,(not assigned),Fluxus Collection,2008-10-08,N,131561,,,,,1.5,,7.0,,,1.5,,
Play It By Trust,Yoko Ono,4410,"(Born Japan, 1933)",(American),(1933),(0),(female),1966,set of all white chess pieces,,The Gilbert and Lila Silverman Fluxus Collection Gift,FC1299,Sculpture,Fluxus Collection,2008-10-08,N,131571,,,,,0.0,,0.0,,,0.0,,
NIGHT AIR JUNE 16 夜 1964,Yoko Ono,4410,"(Born Japan, 1933)",(American),(1933),(0),(female),1964,Glass bottle with ink-on-paper label,"6 1/4 x 13/16"" (15.8 x 2.1 cm)",The Gilbert and Lila Silverman Fluxus Collection Gift,3403.2008,Multiple,Drawings & Prints,2008-10-08,Y,131613,https://www.moma.org/collection/works/131613,https://www.moma.org/media/W1siZiIsIjMwMTQxMCJdLFsicCIsImNvbnZlcnQiLCItcmVzaXplIDEwMjR4MTAyNFx1MDAzZSJdXQ.jpg?sha=27976ce157612f8b,,,,2.1,15.8,,,,,
Sky Machine,Yoko Ono,4410,"(Born Japan, 1933)",(American),(1933),(0),(female),1961/1966,"Stainless steel dispenser with engraving, stainless steel pedestal, painted steel base, and cards with pencil inscriptions","sheet (card, each): 1 x 1 3/4"" (2.5 x 4.5 cm); overall (dispenser): 16 1/8 x 16 1/8 x 51 3/16"" (41 x 41 x 130 cm)",The Gilbert and Lila Silverman Fluxus Collection Gift,3046.2008,Sculpture,Drawings & Prints,2008-10-08,Y,131637,https://www.moma.org/collection/works/131637,https://www.moma.org/media/W1siZiIsIjI1NTU2MyJdLFsicCIsImNvbnZlcnQiLCItcmVzaXplIDEwMjR4MTAyNFx1MDAzZSJdXQ.jpg?sha=aa3d5c2d5f037c2c,,,,,2.5,,,4.5,,
Do It Yourself Fluxfest Presents Yoko Ono & Dance Co.,Yoko Ono,4410,"(Born Japan, 1933)",(American),(1933),(0),(female),1966,20 offset cards,"sheet (each): 4 x 4"" (10.2 x 10.2 cm)",The Gilbert and Lila Silverman Fluxus Collection Gift,3235.2008.a-t,Print,Drawings & Prints,2008-10-08,N,132040,,,,,,,10.16002032,,,10.16002032,,
This Is Not Here,Yoko Ono,4410,"(Born Japan, 1933)",(American),(1933),(0),(female),1971,Offset newspaper,"page (each): 21 5/8 x 16 7/16"" (55 x 41.8 cm)",The Gilbert and Lila Silverman Fluxus Collection Gift,3205.2008.x1-.x2,Periodical,Drawings & Prints,2008-10-08,Y,136403,https://www.moma.org/collection/works/136403,https://www.moma.org/media/W1siZiIsIjI4OTM0OSJdLFsicCIsImNvbnZlcnQiLCItcmVzaXplIDEwMjR4MTAyNFx1MDAzZSJdXQ.jpg?sha=c31369df5f05efd1,,,,,55.0,,,41.8,,
Materials for Painting to Hammer a Nail,Yoko Ono,4410,"(Born Japan, 1933)",(American),(1933),(0),(female),,,,The Gilbert and Lila Silverman Fluxus Collection Gift,3005.2008.2,Sculpture,Drawings & Prints,2008-10-08,N,136937,,,,,0.0,,0.0,,,0.0,,
Mend,Yoko Ono,4410,"(Born Japan, 1933)",(American),(1933),(0),(female),1989,Installation of broken china,,The Gilbert and Lila Silverman Fluxus Collection Gift,FC3516,Installation,Fluxus Collection,2008-10-08,N,137503,,,,,0.0,,0.0,,,0.0,,
Fly Piece,Yoko Ono,4410,"(Born Japan, 1933)",(American),(1933),(0),(female),1963/1998,Ballpoint pen on canvas and ladder,"24 1/4 × 18 1/8 × 23"" (61.6 × 46 × 58.4 cm); 20 1/8 × 16 1/4"" (51.1 × 41.3 cm)",The Gilbert and Lila Silverman Fluxus Collection Gift,4426.2008.a-b,Sculpture,Drawings & Prints,2008-10-08,Y,137795,https://www.moma.org/collection/works/137795,https://www.moma.org/media/W1siZiIsIjU1ODEwMyJdLFsicCIsImNvbnZlcnQiLCItcmVzaXplIDEwMjR4MTAyNFx1MDAzZSJdXQ.jpg?sha=d5c7161ef71c3d75,,,58.4201168402,,61.5951231902,,,46.0375920752,,
Do It Yourself Fluxfest Presents Yoko Ono & Dance Co.,Yoko Ono,4410,"(Born Japan, 1933)",(American),(1933),(0),(female),1966,Offset lithograph,"sheet: 22 1/16 x 16 15/16"" (56 x 43 cm)",The Gilbert and Lila Silverman Fluxus Collection Gift,3199.2008.x1-.x11,Print,Drawings & Prints,2008-10-08,Y,137916,https://www.moma.org/collection/works/137916,https://www.moma.org/media/W1siZiIsIjMwNTA5MCJdLFsicCIsImNvbnZlcnQiLCItcmVzaXplIDEwMjR4MTAyNFx1MDAzZSJdXQ.jpg?sha=75157d9ce5ce52a1,,,0.0,,0.0,,,0.0,,
Mend,Yoko Ono,4410,"(Born Japan, 1933)",(American),(1933),(0),(female),,Installation of broken china,,The Gilbert and Lila Silverman Fluxus Collection Gift,FC3939,Installation,Fluxus Collection,2008-10-08,N,137926,,,,,0.0,,0.0,,,0.0,,
Box of white boxes for Box of Smile,Yoko Ono,4410,"(Born Japan, 1933)",(American),(1933),(0),(female),,,,The Gilbert and Lila Silverman Fluxus Collection Gift,FC3944,(not assigned),Fluxus Collection,2008-10-08,N,137931,,,,,0.0,,0.0,,,0.0,,
Box of white boxes for Box of Smile,Yoko Ono,4410,"(Born Japan, 1933)",(American),(1933),(0),(female),,,,The Gilbert and Lila Silverman Fluxus Collection Gift,FC3945,(not assigned),Fluxus Collection,2008-10-08,N,137932,,,,,0.0,,0.0,,,0.0,,
Play It By Trust,Yoko Ono,4410,"(Born Japan, 1933)",(American),(1933),(0),(female),1966,,,The Gilbert and Lila Silverman Fluxus Collection Gift,FC4161,Sculpture,Fluxus Collection,2008-10-08,N,138148,,,,,0.0,,0.0,,,0.0,,
Play It By Trust,Yoko Ono,4410,"(Born Japan, 1933)",(American),(1933),(0),(female),1966,,,The Gilbert and Lila Silverman Fluxus Collection Gift,FC4162,Sculpture,Fluxus Collection,2008-10-08,N,138149,,,,,0.0,,0.0,,,0.0,,
Play It By Trust,Yoko Ono,4410,"(Born Japan, 1933)",(American),(1933),(0),(female),1966,,,The Gilbert and Lila Silverman Fluxus Collection Gift,FC4163,Sculpture,Fluxus Collection,2008-10-08,N,138150,,,,,0.0,,0.0,,,0.0,,
Painting to Hammer a Nail,Yoko Ono,4410,"(Born Japan, 1933)",(American),(1933),(0),(female),,Canvas with nails,,The Gilbert and Lila Silverman Fluxus Collection Gift,3005.2008.1,Painting,Drawings & Prints,2008-10-08,N,138350,,,,,0.0,,0.0,,,0.0,,
"Working material for V TRE #7: Sky Piece to Jesus Christ, performed during Fluxorchestra at Carnegie Recital Hall, New York, September 25, 1965",Yoko Ono,4410,"(Born Japan, 1933)",(American),(1933),(0),(female),1965,Gelatin silver print,"Sheet (trimmed): 4 3/16 x 3 11/16"" (10.6 x 9.3 cm)","The Gilbert and Lila Silverman Fluxus Collection Archive, The Museum of Modern Art Archive",FC3790.3,Photograph,Fluxus Collection,2008-10-08,N,150092,,,,,,,10.6,,,9.3,,
"Working material for V TRE #7: Sky Piece to Jesus Christ, performed during Fluxorchestra at Carnegie Recital Hall, New York, September 25, 1965",Yoko Ono,4410,"(Born Japan, 1933)",(American),(1933),(0),(female),1965,Gelatin silver print,"Sheet (trimmed): 4 1/16 x 2 5/16"" (10.3 x 5.8 cm)","The Gilbert and Lila Silverman Fluxus Collection Archive, The Museum of Modern Art Archive",FC3790.10,Photograph,Fluxus Collection,2008-10-08,N,150099,,,,,,,10.3,,,5.8,,
Four (Fluxfilm no. 16),Yoko Ono,4410,"(Born Japan, 1933)",(American),(1933),(0),(female),1966,"16mm film (black and white, silent)",9:31 min.,The Gilbert and Lila Silverman Fluxus Collection Gift,2452.2008.2,Film,Drawings & Prints,2008-10-08,Y,150219,https://www.moma.org/collection/works/150219,https://www.moma.org/media/W1siZiIsIjI1NTAxMCJdLFsicCIsImNvbnZlcnQiLCItcmVzaXplIDEwMjR4MTAyNFx1MDAzZSJdXQ.jpg?sha=3c2d5965246e4236,,,,,,,,,,571.0
One (Fluxfilm no. 14),Yoko Ono,4410,"(Born Japan, 1933)",(American),(1933),(0),(female),1966,"16mm film (black and white, silent)",5:05 min.,The Gilbert and Lila Silverman Fluxus Collection Gift,2452.2008.4,Film,Drawings & Prints,2008-10-08,Y,150221,https://www.moma.org/collection/works/150221,https://www.moma.org/media/W1siZiIsIjI1NTAxMiJdLFsicCIsImNvbnZlcnQiLCItcmVzaXplIDEwMjR4MTAyNFx1MDAzZSJdXQ.jpg?sha=7d8b22335fff838b,,,,,,,,,,305.0
Eyeblink (Fluxfilm no. 9),Yoko Ono,4410,"(Born Japan, 1933)",(American),(1933),(0),(female),1966,"16mm film (black and white, silent)",4:31 min.,The Gilbert and Lila Silverman Fluxus Collection Gift,2452.2008.10,Film,Drawings & Prints,2008-10-08,Y,150227,https://www.moma.org/collection/works/150227,https://www.moma.org/media/W1siZiIsIjI1NDk5NyJdLFsicCIsImNvbnZlcnQiLCItcmVzaXplIDEwMjR4MTAyNFx1MDAzZSJdXQ.jpg?sha=74b395d46fbbaedc,,,,,,,,,,271.0
"Bag Piece, performed during Perpetual Fluxfest, Cinematheque, New York, June 27, 1965",Yoko Ono,4410,"(Born Japan, 1933)",(American),(1933),(0),(female),1965,Gelatin silver prints,"image: 7 1/2 x 7 1/2"" (19 x 19 cm); sheet: 9 15/16 x 8"" (25.2 x 20.3 cm)",The Gilbert and Lila Silverman Fluxus Collection Gift,3203.2008.1-8,Photograph,Drawings & Prints,2008-10-08,N,181728,,,,,,,19.0,,,19.0,,
"Bag Piece (1964), performed during Perpetual Fluxfest, Cinematheque, New York, June 27, 1965",Yoko Ono,4410,"(Born Japan, 1933)",(American),(1933),(0),(female),1965,Gelatin silver print,"image: 7 1/2 x 7 1/2"" (19 x 19 cm); sheet: 9 15/16 x 8"" (25.2 x 20.3 cm)",The Gilbert and Lila Silverman Fluxus Collection Gift,3203.2008.1x1-x4,Photograph,Drawings & Prints,2008-10-08,Y,181803,https://www.moma.org/collection/works/181803,https://www.moma.org/media/W1siZiIsIjI5NTk2NCJdLFsicCIsImNvbnZlcnQiLCItcmVzaXplIDEwMjR4MTAyNFx1MDAzZSJdXQ.jpg?sha=bbd859263c71d250,,,,,19.0,,,19.0,,
"Bag Piece (1964), performed during Perpetual Fluxfest, Cinematheque, New York, June 27, 1965",Yoko Ono,4410,"(Born Japan, 1933)",(American),(1933),(0),(female),1965,Gelatin silver print,"image: 7 1/2 x 7 1/2"" (19 x 19 cm); sheet: 9 15/16 x 8"" (25.2 x 20.3 cm)",The Gilbert and Lila Silverman Fluxus Collection Gift,3203.2008.2x1-x4,Photograph,Drawings & Prints,2008-10-08,Y,181804,https://www.moma.org/collection/works/181804,https://www.moma.org/media/W1siZiIsIjMxMjAxOCJdLFsicCIsImNvbnZlcnQiLCItcmVzaXplIDEwMjR4MTAyNFx1MDAzZSJdXQ.jpg?sha=4c18cbdf9815c0c0,,,,,19.0,,,19.0,,
"Bag Piece (1964), performed during Perpetual Fluxfest, Cinematheque, New York, June 27, 1965",Yoko Ono,4410,"(Born Japan, 1933)",(American),(1933),(0),(female),1965,Gelatin silver print,"image: 7 1/2 x 7 1/2"" (19 x 19 cm); sheet: 9 15/16 x 8"" (25.2 x 20.3 cm)",The Gilbert and Lila Silverman Fluxus Collection Gift,3203.2008.3x1-x4,Photograph,Drawings & Prints,2008-10-08,Y,181805,https://www.moma.org/collection/works/181805,https://www.moma.org/media/W1siZiIsIjI5NTk2NSJdLFsicCIsImNvbnZlcnQiLCItcmVzaXplIDEwMjR4MTAyNFx1MDAzZSJdXQ.jpg?sha=e9bface88b7cc8c6,"""MoMA, Floor 4, 417""",,,,19.0,,,19.0,,
"Bag Piece (1964), performed during Perpetual Fluxfest, Cinematheque, New York, June 27, 1965",Yoko Ono,4410,"(Born Japan, 1933)",(American),(1933),(0),(female),1965,Gelatin silver print,"image: 7 1/2 x 7 1/2"" (19 x 19 cm); sheet: 9 15/16 x 8"" (25.2 x 20.3 cm)",The Gilbert and Lila Silverman Fluxus Collection Gift,3203.2008.4x1-x4,Photograph,Drawings & Prints,2008-10-08,Y,181806,https://www.moma.org/collection/works/181806,https://www.moma.org/media/W1siZiIsIjI5NTk2NiJdLFsicCIsImNvbnZlcnQiLCItcmVzaXplIDEwMjR4MTAyNFx1MDAzZSJdXQ.jpg?sha=b1950af9b7550022,"""MoMA, Floor 4, 417""",,,,19.0,,,19.0,,
"Bag Piece (1964), performed during Perpetual Fluxfest, Cinematheque, New York, June 27, 1965",Yoko Ono,4410,"(Born Japan, 1933)",(American),(1933),(0),(female),1965,Gelatin silver print,"image: 7 1/2 x 7 1/2"" (19 x 19 cm); sheet: 9 15/16 x 8"" (25.2 x 20.3 cm)",The Gilbert and Lila Silverman Fluxus Collection Gift,3203.2008.5x1-x3,Photograph,Drawings & Prints,2008-10-08,Y,181807,https://www.moma.org/collection/works/181807,https://www.moma.org/media/W1siZiIsIjI5NTk2NyJdLFsicCIsImNvbnZlcnQiLCItcmVzaXplIDEwMjR4MTAyNFx1MDAzZSJdXQ.jpg?sha=e2e0ef23bcd94f1b,,,,,19.0,,,19.0,,
"Bag Piece (1964), performed during Perpetual Fluxfest, Cinematheque, New York, June 27, 1965",Yoko Ono,4410,"(Born Japan, 1933)",(American),(1933),(0),(female),1965,Gelatin silver print,"image: 7 1/2 x 7 1/2"" (19 x 19 cm); sheet: 9 15/16 x 8"" (25.2 x 20.3 cm)",The Gilbert and Lila Silverman Fluxus Collection Gift,3203.2008.6x1-x4,Photograph,Drawings & Prints,2008-10-08,Y,181808,https://www.moma.org/collection/works/181808,https://www.moma.org/media/W1siZiIsIjI5NTk2OCJdLFsicCIsImNvbnZlcnQiLCItcmVzaXplIDEwMjR4MTAyNFx1MDAzZSJdXQ.jpg?sha=b71c669b91727d23,"""MoMA, Floor 4, 417""",,,,19.0,,,19.0,,
"Bag Piece (1964), performed during Perpetual Fluxfest, Cinematheque, New York, June 27, 1965",Yoko Ono,4410,"(Born Japan, 1933)",(American),(1933),(0),(female),1965,Gelatin silver print,"image: 7 1/2 x 7 1/2"" (19 x 19 cm); sheet: 9 15/16 x 8"" (25.2 x 20.3 cm)",The Gilbert and Lila Silverman Fluxus Collection Gift,3203.2008.7x1-x4,Photograph,Drawings & Prints,2008-10-08,Y,181809,https://www.moma.org/collection/works/181809,https://www.moma.org/media/W1siZiIsIjI5NTk2OSJdLFsicCIsImNvbnZlcnQiLCItcmVzaXplIDEwMjR4MTAyNFx1MDAzZSJdXQ.jpg?sha=e488f3ddb70a2fe2,,,,,19.0,,,19.0,,
"Bag Piece (1964), performed during Perpetual Fluxfest, Cinematheque, New York, June 27, 1965",Yoko Ono,4410,"(Born Japan, 1933)",(American),(1933),(0),(female),1965,Gelatin silver print,"image: 7 1/2 x 7 1/2"" (19 x 19 cm); sheet: 9 15/16 x 8"" (25.2 x 20.3 cm)",The Gilbert and Lila Silverman Fluxus Collection Gift,3203.2008.8x1-x4,Photograph,Drawings & Prints,2008-10-08,Y,181810,https://www.moma.org/collection/works/181810,https://www.moma.org/media/W1siZiIsIjI5NTk3MCJdLFsicCIsImNvbnZlcnQiLCItcmVzaXplIDEwMjR4MTAyNFx1MDAzZSJdXQ.jpg?sha=158fd6d9678709a8,,,,,19.0,,,19.0,,
Invitation to Water Event,Yoko Ono,4410,"(Born Japan, 1933)",(American),(1933),(0),(female),,Printed invitation in sealed plastic bag,"bag: 7 5/16 x 4 15/16"" (18.5 x 12.6 cm)",The Gilbert and Lila Silverman Fluxus Collection Gift,FC1233.1,Print,Fluxus Collection,2008-10-08,N,181956,,,,,0.0,,18.5,,,12.6,,
"Happy Xmas (War Is Over) / Listen, The Snow is Falling",Yoko Ono,4410,"(Born Japan, 1933)",(American),(1933),(0),(female),1971/1980,7-inch vinyl record,"cover: 7 × 7"" (17.8 × 17.8 cm)",Committee on Prints and Illustrated Books Fund,854.2013.218,Audio,Drawings & Prints,2013-10-10,Y,184207,https://www.moma.org/collection/works/184207,https://www.moma.org/media/W1siZiIsIjQwMDU5OCJdLFsicCIsImNvbnZlcnQiLCItcmVzaXplIDEwMjR4MTAyNFx1MDAzZSJdXQ.jpg?sha=981193a9d9db435f,,,0.0,,17.7800355601,,,17.7800355601,,
NIGHT AIR JULY 3 NIGHT 1964,Yoko Ono,4410,"(Born Japan, 1933)",(American),(1933),(0),(female),1964,Glass bottle with ink-on-paper label,"6 7/16 x 13/16"" (16.4 x 2 cm)",The Gilbert and Lila Silverman Fluxus Collection Gift,3404.2008,Multiple,Drawings & Prints,2008-10-08,Y,187149,https://www.moma.org/collection/works/187149,https://www.moma.org/media/W1siZiIsIjMwMTQxMCJdLFsicCIsImNvbnZlcnQiLCItcmVzaXplIDEwMjR4MTAyNFx1MDAzZSJdXQ.jpg?sha=27976ce157612f8b,,,,2.0,16.4,,,,,
To See the Sky,Yoko Ono,4410,"(Born Japan, 1933)",(American),(1933),(0),(female),2015,Clear-coated steel,"24' 5 1/2"" x 7' 4"" x 7' 4""  (755.7 x 223.5 x 223.5 cm)","Gift of Yoko Ono
",533.2021.a-c,Installation,Painting & Sculpture,2021-12-06,Y,189531,https://www.moma.org/collection/works/189531,,,,0.0,223.5204470409,755.651511303,,,0.0,,
Four (Fluxfilm no. 16),Yoko Ono,4410,"(Born Japan, 1933)",(American),(1933),(0),(female),,"16mm film (black and white, silent)",,The Gilbert and Lila Silverman Fluxus Collection Gift,2984.2008.2,Video,Drawings & Prints,2008-10-08,N,196213,,,,,,,,,,,,
One (Fluxfilm no. 14),Yoko Ono,4410,"(Born Japan, 1933)",(American),(1933),(0),(female),1966,"16mm film (black and white, silent)",,The Gilbert and Lila Silverman Fluxus Collection Gift,2984.2008.4,Video,Drawings & Prints,2008-10-08,N,196215,,,,,,,,,,,,
Eyeblink (Fluxfilm no. 9),Yoko Ono,4410,"(Born Japan, 1933)",(American),(1933),(0),(female),1966,"16mm film (black and white, silent)",,The Gilbert and Lila Silverman Fluxus Collection Gift,2984.2008.10,Video,Drawings & Prints,2008-10-08,N,196221,,,,,,,,,,,,
Cough Piece,Yoko Ono,4410,"(Born Japan, 1933)",(American),(1933),(0),(female),1963,DAT,,The Gilbert and Lila Silverman Fluxus Collection Gift,FC5056,Audio,Fluxus Collection,2008-10-08,N,223476,,,,,0.0,,0.0,,,0.0,,
Film No. 4,Yoko Ono,4410,"(Born Japan, 1933)",(American),(1933),(0),(female),1966,Film,,The Gilbert and Lila Silverman Fluxus Collection Gift,FC5122,Video,Fluxus Collection,2008-10-08,N,273714,,,,,0.0,,0.0,,,0.0,,
Self Portrait from Fluxus 1,Yoko Ono,4410,"(Born Japan, 1933)",(American),(1933),(0),(female),"1965, assembled c. 1976","Envelope with stamped ink, containing mirror","book: 7 1/2 × 8 1/4 × 1 15/16"" (19.1 × 21 × 5 cm)",The Gilbert and Lila Silverman Fluxus Collection Gift,2183.2008.39a-b,Illustrated Book,Drawings & Prints,2008-10-08,N,277677,,,,,5.0,,19.1,,,21.0,,
Power of Peace,Yoko Ono,4410,"(Born Japan, 1933)",(American),(1933),(0),(female),2017,Eighty-one offset lithographs (some with hand additions),"sheet (each approx.): 22 1/16 × 11 15/16"" (56 × 30.3 cm)",Gift of the artist,369.2018.1-81,Print,Drawings & Prints,2018-05-23,Y,288076,https://www.moma.org/collection/works/288076,https://www.moma.org/media/W1siZiIsIjQ0MDg5NiJdLFsicCIsImNvbnZlcnQiLCItcmVzaXplIDEwMjR4MTAyNFx1MDAzZSJdXQ.jpg?sha=08552321bcbcf7fe,,,,,56.0,,,30.3,,
Watch Piece,Yoko Ono,4410,"(Born Japan, 1933)",(American),(1933),(0),(female),1992,Pencil on paper,"12 1/2 × 7 5/8"" (31.8 × 19.4 cm)","Gift of the Gilbert B. and Lila Silverman Instruction Drawing Collection, Detroit",1548.2018,Drawing,Drawings & Prints,2018-11-05,N,289286,,,,,,,31.7500635001,,,19.3675387351,,
Painting to See the Sky,Yoko Ono,4410,"(Born Japan, 1933)",(American),(1933),(0),(female),1961,Ink on paper,"9 7/8 × 14 1/8"" (25.1 × 35.9 cm)","Gift of the Gilbert B. and Lila Silverman Instruction Drawing Collection, Detroit",1526.2018,Drawing,Drawings & Prints,2018-11-05,Y,289485,https://www.moma.org/collection/works/289485,https://www.moma.org/media/W1siZiIsIjQ0MjAxMiJdLFsicCIsImNvbnZlcnQiLCItcmVzaXplIDEwMjR4MTAyNFx1MDAzZSJdXQ.jpg?sha=13f1f333f13d547b,,,,,25.0825501651,,,35.8775717551,,
Painting for the Wind,Yoko Ono,4410,"(Born Japan, 1933)",(American),(1933),(0),(female),1961,Ink on paper,"9 7/8 × 14 1/8"" (25.1 × 35.9 cm)","Gift of the Gilbert B. and Lila Silverman Instruction Drawing Collection, Detroit",1527.2018,Drawing,Drawings & Prints,2018-11-05,Y,289486,https://www.moma.org/collection/works/289486,https://www.moma.org/media/W1siZiIsIjQ0MjQ0MSJdLFsicCIsImNvbnZlcnQiLCItcmVzaXplIDEwMjR4MTAyNFx1MDAzZSJdXQ.jpg?sha=1c1cee9455e74a93,,,,,25.0825501651,,,35.8775717551,,
Painting in Three Stanzas,Yoko Ono,4410,"(Born Japan, 1933)",(American),(1933),(0),(female),1961,Ink on paper,"9 7/8 × 14 1/8"" (25.1 × 35.9 cm)","Gift of the Gilbert B. and Lila Silverman Instruction Drawing Collection, Detroit",1528.2018,Drawing,Drawings & Prints,2018-11-05,Y,289487,https://www.moma.org/collection/works/289487,https://www.moma.org/media/W1siZiIsIjQ0MjQ0MyJdLFsicCIsImNvbnZlcnQiLCItcmVzaXplIDEwMjR4MTAyNFx1MDAzZSJdXQ.jpg?sha=dd33619867f1febf,,,,,25.0825501651,,,35.8775717551,,
Painting for the Burial,Yoko Ono,4410,"(Born Japan, 1933)",(American),(1933),(0),(female),1961,Ink on paper,"9 7/8 × 14 1/8"" (25.1 × 35.9 cm)","Gift of the Gilbert B. and Lila Silverman Instruction Drawing Collection, Detroit",1529.2018,Drawing,Drawings & Prints,2018-11-05,Y,289488,https://www.moma.org/collection/works/289488,https://www.moma.org/media/W1siZiIsIjQ0MjAxMyJdLFsicCIsImNvbnZlcnQiLCItcmVzaXplIDEwMjR4MTAyNFx1MDAzZSJdXQ.jpg?sha=aec485311a3db9b9,,,,,25.0825501651,,,35.8775717551,,
Smoke Painting,Yoko Ono,4410,"(Born Japan, 1933)",(American),(1933),(0),(female),1961,Ink on paper,"9 7/8 × 14 1/8"" (25.1 × 35.9 cm)","Gift of the Gilbert B. and Lila Silverman Instruction Drawing Collection, Detroit",1530.2018,Drawing,Drawings & Prints,2018-11-05,Y,289489,https://www.moma.org/collection/works/289489,https://www.moma.org/media/W1siZiIsIjQ0MjQ0NCJdLFsicCIsImNvbnZlcnQiLCItcmVzaXplIDEwMjR4MTAyNFx1MDAzZSJdXQ.jpg?sha=683167c70cb7f569,,,,,25.0825501651,,,35.8775717551,,
Painting to Let the Evening Light Go Through,Yoko Ono,4410,"(Born Japan, 1933)",(American),(1933),(0),(female),1961,Ink on paper,"9 7/8 × 14 1/8"" (25.1 × 35.9 cm)","Gift of the Gilbert B. and Lila Silverman Instruction Drawing Collection, Detroit",1531.2018,Drawing,Drawings & Prints,2018-11-05,Y,289490,https://www.moma.org/collection/works/289490,https://www.moma.org/media/W1siZiIsIjQ0MjQ0NSJdLFsicCIsImNvbnZlcnQiLCItcmVzaXplIDEwMjR4MTAyNFx1MDAzZSJdXQ.jpg?sha=bbceb143350e6d90,,,,,25.0825501651,,,35.8775717551,,
Painting Until it Becomes Marble,Yoko Ono,4410,"(Born Japan, 1933)",(American),(1933),(0),(female),1961,Ink on paper,"9 7/8 × 14 1/8"" (25.1 × 35.9 cm)","Gift of the Gilbert B. and Lila Silverman Instruction Drawing Collection, Detroit",1532.2018,Drawing,Drawings & Prints,2018-11-05,Y,289491,https://www.moma.org/collection/works/289491,https://www.moma.org/media/W1siZiIsIjQ0MjQ0NiJdLFsicCIsImNvbnZlcnQiLCItcmVzaXplIDEwMjR4MTAyNFx1MDAzZSJdXQ.jpg?sha=249e5f7f6a7e6638,,,,,25.0825501651,,,35.8775717551,,
Painting to Enlarge and See,Yoko Ono,4410,"(Born Japan, 1933)",(American),(1933),(0),(female),1961,Ink on paper,"9 7/8 × 14 1/8"" (25.1 × 35.9 cm)","Gift of the Gilbert B. and Lila Silverman Instruction Drawing Collection, Detroit",1533.2018,Drawing,Drawings & Prints,2018-11-05,Y,289492,https://www.moma.org/collection/works/289492,https://www.moma.org/media/W1siZiIsIjQ0MjQ0NyJdLFsicCIsImNvbnZlcnQiLCItcmVzaXplIDEwMjR4MTAyNFx1MDAzZSJdXQ.jpg?sha=f57787e5dcb73085,,,,,25.0825501651,,,35.8775717551,,
Painting to Shake Hands,Yoko Ono,4410,"(Born Japan, 1933)",(American),(1933),(0),(female),1961,Ink on paper,"9 7/8 × 14 1/8"" (25.1 × 35.9 cm)","Gift of the Gilbert B. and Lila Silverman Instruction Drawing Collection, Detroit",1534.2018,Drawing,Drawings & Prints,2018-11-05,Y,289493,https://www.moma.org/collection/works/289493,https://www.moma.org/media/W1siZiIsIjQ0MjQ0OCJdLFsicCIsImNvbnZlcnQiLCItcmVzaXplIDEwMjR4MTAyNFx1MDAzZSJdXQ.jpg?sha=c91bf75afd7101aa,,,,,25.0825501651,,,35.8775717551,,
Painting to See the Room,Yoko Ono,4410,"(Born Japan, 1933)",(American),(1933),(0),(female),1961,Ink on paper,"9 7/8 × 14 1/8"" (25.1 × 35.9 cm)","Gift of the Gilbert B. and Lila Silverman Instruction Drawing Collection, Detroit",1535.2018,Drawing,Drawings & Prints,2018-11-05,Y,289494,https://www.moma.org/collection/works/289494,https://www.moma.org/media/W1siZiIsIjQ0MjQ0OSJdLFsicCIsImNvbnZlcnQiLCItcmVzaXplIDEwMjR4MTAyNFx1MDAzZSJdXQ.jpg?sha=1bea04d18a1e728d,,,,,25.0825501651,,,35.8775717551,,
Waterdrop Painting,Yoko Ono,4410,"(Born Japan, 1933)",(American),(1933),(0),(female),1961,Ink on paper,"9 7/8 × 14 1/8"" (25.1 × 35.9 cm)","Gift of the Gilbert B. and Lila Silverman Instruction Drawing Collection, Detroit",1536.2018,Drawing,Drawings & Prints,2018-11-05,Y,289495,https://www.moma.org/collection/works/289495,https://www.moma.org/media/W1siZiIsIjQ0MjQ1MCJdLFsicCIsImNvbnZlcnQiLCItcmVzaXplIDEwMjR4MTAyNFx1MDAzZSJdXQ.jpg?sha=20296d72f1ae8eb4,,,,,25.0825501651,,,35.8775717551,,
"A Plus B Painting (""Let somebody other than yourself cut out…"")",Yoko Ono,4410,"(Born Japan, 1933)",(American),(1933),(0),(female),1961,Ink on paper,"9 7/8 × 14 1/8"" (25.1 × 35.9 cm)","Gift of the Gilbert B. and Lila Silverman Instruction Drawing Collection, Detroit",1537.2018,Drawing,Drawings & Prints,2018-11-05,Y,289496,https://www.moma.org/collection/works/289496,https://www.moma.org/media/W1siZiIsIjQ0MjQ1MSJdLFsicCIsImNvbnZlcnQiLCItcmVzaXplIDEwMjR4MTAyNFx1MDAzZSJdXQ.jpg?sha=9b1f61971b3df8d4,,,,,25.0825501651,,,35.8775717551,,
"A Plus B Painting (""Cut a circle on canvas A..."")",Yoko Ono,4410,"(Born Japan, 1933)",(American),(1933),(0),(female),1961,Ink on paper,"9 7/8 × 14 1/8"" (25.1 × 35.9 cm)","Gift of the Gilbert B. and Lila Silverman Instruction Drawing Collection, Detroit",1538.2018,Drawing,Drawings & Prints,2018-11-05,Y,289497,https://www.moma.org/collection/works/289497,https://www.moma.org/media/W1siZiIsIjQ0MjQ1MiJdLFsicCIsImNvbnZlcnQiLCItcmVzaXplIDEwMjR4MTAyNFx1MDAzZSJdXQ.jpg?sha=5a5ff2a5ff548d42,,,,,25.0825501651,,,35.8775717551,,
Painting to Hammer a Nail,Yoko Ono,4410,"(Born Japan, 1933)",(American),(1933),(0),(female),1961,Ink on paper,"9 7/8 × 14 1/8"" (25.1 × 35.9 cm)","Gift of the Gilbert B. and Lila Silverman Instruction Drawing Collection, Detroit",1539.2018,Drawing,Drawings & Prints,2018-11-05,Y,289498,https://www.moma.org/collection/works/289498,https://www.moma.org/media/W1siZiIsIjQ0MjQ1MyJdLFsicCIsImNvbnZlcnQiLCItcmVzaXplIDEwMjR4MTAyNFx1MDAzZSJdXQ.jpg?sha=fad834e66fba21f8,,,,,25.0825501651,,,35.8775717551,,
"Painting To Be Constructed in Your Head (""Look through a phone book from the…"")",Yoko Ono,4410,"(Born Japan, 1933)",(American),(1933),(0),(female),1961,Ink on paper,"9 7/8 × 14 1/8"" (25.1 × 35.9 cm)","Gift of the Gilbert B. and Lila Silverman Instruction Drawing Collection, Detroit",1540.2018,Drawing,Drawings & Prints,2018-11-05,Y,289499,https://www.moma.org/collection/works/289499,https://www.moma.org/media/W1siZiIsIjQ0MjQ1NCJdLFsicCIsImNvbnZlcnQiLCItcmVzaXplIDEwMjR4MTAyNFx1MDAzZSJdXQ.jpg?sha=ad9e91873764f118,,,,,25.0825501651,,,35.8775717551,,
Painting for a Broken Sewing Machine,Yoko Ono,4410,"(Born Japan, 1933)",(American),(1933),(0),(female),1961,Ink on paper,"9 7/8 × 14 1/8"" (25.1 × 35.9 cm)","Gift of the Gilbert B. and Lila Silverman Instruction Drawing Collection, Detroit",1541.2018,Drawing,Drawings & Prints,2018-11-05,Y,289500,https://www.moma.org/collection/works/289500,https://www.moma.org/media/W1siZiIsIjQ0MjQ1NSJdLFsicCIsImNvbnZlcnQiLCItcmVzaXplIDEwMjR4MTAyNFx1MDAzZSJdXQ.jpg?sha=3e6862ffda413023,,,,,25.0825501651,,,35.8775717551,,
"Painting To Be Constructed in Your Head (""Hammer a nail in the center of a piece…"")",Yoko Ono,4410,"(Born Japan, 1933)",(American),(1933),(0),(female),1962,Ink on paper,"9 7/8 × 14 1/8"" (25.1 × 35.9 cm)","Gift of the Gilbert B. and Lila Silverman Instruction Drawing Collection, Detroit",1542.2018,Drawing,Drawings & Prints,2018-11-05,Y,289501,https://www.moma.org/collection/works/289501,https://www.moma.org/media/W1siZiIsIjQ0MjA3OSJdLFsicCIsImNvbnZlcnQiLCItcmVzaXplIDEwMjR4MTAyNFx1MDAzZSJdXQ.jpg?sha=30e10a1d2985c341,,,,,25.0825501651,,,35.8775717551,,
"Painting To Be Constructed in Your Head (""Imagine dividing the canvas into twenty…"")",Yoko Ono,4410,"(Born Japan, 1933)",(American),(1933),(0),(female),1962,Ink on paper,"9 7/8 × 14 1/8"" (25.1 × 35.9 cm)","Gift of the Gilbert B. and Lila Silverman Instruction Drawing Collection, Detroit",1543.2018,Drawing,Drawings & Prints,2018-11-05,Y,289502,https://www.moma.org/collection/works/289502,https://www.moma.org/media/W1siZiIsIjQ0MjA4MCJdLFsicCIsImNvbnZlcnQiLCItcmVzaXplIDEwMjR4MTAyNFx1MDAzZSJdXQ.jpg?sha=5f8ee8a967c31eb9,,,,,25.0825501651,,,35.8775717551,,
"Painting To Be Constructed in Your Head (""Observe three paintings carefully…"")",Yoko Ono,4410,"(Born Japan, 1933)",(American),(1933),(0),(female),1962,Ink on paper,"9 7/8 × 14 1/8"" (25.1 × 35.9 cm)","Gift of the Gilbert B. and Lila Silverman Instruction Drawing Collection, Detroit",1544.2018,Drawing,Drawings & Prints,2018-11-05,Y,289503,https://www.moma.org/collection/works/289503,https://www.moma.org/media/W1siZiIsIjQ0MjAxNCJdLFsicCIsImNvbnZlcnQiLCItcmVzaXplIDEwMjR4MTAyNFx1MDAzZSJdXQ.jpg?sha=a99cc6df780b222f,,,,,25.0825501651,,,35.8775717551,,
"Portrait of Mary (""Send a canvas to a Mary of any country..."")",Yoko Ono,4410,"(Born Japan, 1933)",(American),(1933),(0),(female),1962,Ink on paper,"9 7/8 × 14 1/8"" (25.1 × 35.9 cm)","Gift of the Gilbert B. and Lila Silverman Instruction Drawing Collection, Detroit",1545.2018,Drawing,Drawings & Prints,2018-11-05,Y,289504,https://www.moma.org/collection/works/289504,https://www.moma.org/media/W1siZiIsIjQ0MjQ1NiJdLFsicCIsImNvbnZlcnQiLCItcmVzaXplIDEwMjR4MTAyNFx1MDAzZSJdXQ.jpg?sha=cd52e48756fa19c8,,,,,25.0825501651,,,35.8775717551,,
"Painting To Be Constructed in Your Head (""Go on transforming a square canvas…"")",Yoko Ono,4410,"(Born Japan, 1933)",(American),(1933),(0),(female),1962,Ink on paper,"9 7/8 × 14 1/8"" (25.1 × 35.9 cm)","Gift of the Gilbert B. and Lila Silverman Instruction Drawing Collection, Detroit",1546.2018,Drawing,Drawings & Prints,2018-11-05,Y,289505,https://www.moma.org/collection/works/289505,https://www.moma.org/media/W1siZiIsIjQ0MjAxNSJdLFsicCIsImNvbnZlcnQiLCItcmVzaXplIDEwMjR4MTAyNFx1MDAzZSJdXQ.jpg?sha=58a1fb68cb1d8e24,,,,,25.0825501651,,,35.8775717551,,
Painting to See the Sky,Yoko Ono,4410,"(Born Japan, 1933)",(American),(1933),(0),(female),1962,Ink on paper,"9 7/8 × 14 1/8"" (25.1 × 35.9 cm)","Gift of the Gilbert B. and Lila Silverman Instruction Drawing Collection, Detroit",1547.2018,Drawing,Drawings & Prints,2018-11-05,Y,289506,https://www.moma.org/collection/works/289506,https://www.moma.org/media/W1siZiIsIjQ0MjQ1NyJdLFsicCIsImNvbnZlcnQiLCItcmVzaXplIDEwMjR4MTAyNFx1MDAzZSJdXQ.jpg?sha=26f09970293e1afe,,,,,25.0825501651,,,35.8775717551,,
"collected stamps, individual works",Yoko Ono,4410,"(Born Japan, 1933)",(American),(1933),(0),(female),1971,3 stamps,dimensions vary,The Gilbert and Lila Silverman Fluxus Collection Gift,4432.2008.a-c,Multiple,Drawings & Prints,2008-10-08,N,450220,,,,,,,,,,,,
